Video_Title,Video_Description,Video_Id,View_Count,Channel_Title,Channel_Id,Thumbnail_Url
Children Educational Videos | Nursery Rhymes &amp; Baby Songs - Kids TV,"Welcome to Kids TV, where the warmth of childhood meets the joy of learning through fun nursery rhymes and toddler songs!",0KW3Ef1mU-g,8768204,Kids TV - Nursery Rhymes And Baby Songs,UC7Pq3Ko42YpkCB_Q4E981jw,https://i.ytimg.com/vi/0KW3Ef1mU-g/default.jpg
Best Learning Videos For Kids | The Dr.Binocs Show | Fun Learning Videos For Kids | By Peekaboo Kids,Best Learning Videos For Kids from The Dr.Binocs Show Fun Learning Videos For Kids By Peekaboo Kids Share on Facebook ...,OTuph9pJWU4,7802078,Peekaboo Kidz,UCxlJ45KjG4XVcQ_hd8j227A,https://i.ytimg.com/vi/OTuph9pJWU4/default.jpg
üî¥ Wheels on the Bus - Nursery Rhymes &amp; Kids Songs - Toddler Learning Video - Ms Rachel,"Have your toddler learn with a real teacher, Ms Rachel! In these highly researched and expert approved toddler learning videos, ...",XF_RhnCGuHM,40802512,Ms Rachel - Toddler Learning Videos,UCG2CL6EUjG8TVT1Tpl9nJdg,https://i.ytimg.com/vi/XF_RhnCGuHM/default_live.jpg
"Learn Letters, Chain Reactions, Physics, Recycling and more | 7 Cartoons with Max and Friends!","This educational compilation includes 7 short cartoons with Max the Glow Train and Friends! 1. ""Chain Reactions"" - Max the Glow ...",ILPjPIFNsRA,100677491,coilbook‚Ñ¢ | Learning For Children,UCV1SycDpnU1A2dXqob6Aowg,https://i.ytimg.com/vi/ILPjPIFNsRA/default.jpg
Best Learning Videos for Toddlers | Learn Shapes for Children with Fun Play Wooden Toy Truck,"Watch this episode from our popular learning series called ""Best Learning videos for toddlers"". Learn Shapes for Children with ...",YTSBZJWuTQk,5575892,KidsCamp Nursery Rhymes & Learning Videos for Kids,UCjVkjd2VWCWO-9DHRQER3Yg,https://i.ytimg.com/vi/YTSBZJWuTQk/default.jpg
Days Of The Week - ChuChu TV Surprise Eggs Learning Videos For Kids,Have fun listening to ChuChu TV's songs on Spotify: https://chuchu.me/Spotify . To download and watch this video anywhere and ...,xPq1KrYWbqo,14061002,ChuChuTV Learning with Surprise Eggs,UCKcQ7Jo2VAGHiPMfDwzeRUw,https://i.ytimg.com/vi/xPq1KrYWbqo/default.jpg
ShapesüîπÔ∏èLesson 4üîπÔ∏èPART 1üîπÔ∏è Educational video for children (Early childhood development).,"Learning shapes - an effective learning video for young children, in which they learn basic geometric shapes easily and quickly, ...",MnOKD_I6vSU,3065093,Little Academy TV,UCGFN5Bm3Zh0tMwVromTlKfw,https://i.ytimg.com/vi/MnOKD_I6vSU/default.jpg
Blippi Meets TALKING PLANETS! | Blippi Wonders | Educational Cartoons for Kids,"Three, two, one, blast off! The Blippi-Mobile becomes a spacecraft on this mission to find out which planets are in the solar system!",0GAhHaK4y58,1769283,Blippi Wonders - Educational Cartoons for Kids,UC_dpB5SImaseMZpLu8s-r7w,https://i.ytimg.com/vi/0GAhHaK4y58/default.jpg
"Phonics, Counting, Colors + More Kids Learning Songs &amp; Nursery Rhymes | Gracie‚Äôs Corner Compilation","This fun and educational Gracie's Corner compilation video presents preschool concepts such as counting, color recognition, ...",g6CVApMxmqg,60951574,Gracie's Corner,UCQ2FzqIvWSE7ysvL1sLWQ5Q,https://i.ytimg.com/vi/g6CVApMxmqg/default.jpg
Blippi Visits a Zoo And Learns About Animals! | Educational Videos for Kids,Blippi becomes a zookeeper for a day and visits the Zoo. Blippi learns about animals for children and toddlers for a day.,05dcZUK_k7I,8401917,Blippi - Educational Videos for Kids,UC5PYHgAzJ1wLEidB58SK6Xw,https://i.ytimg.com/vi/05dcZUK_k7I/default.jpg
ABC Flashcards for Toddlers | Babies First Words &amp; ABCD Alphabets for Kids by RV AppStudios,"It's the ABC flashcard for toddlers, a fun and educational way that helps kids learn letters! Colorful pictures and adorable ...",p-kAI-qOeJA,47597358,Kids Songs and Nursery Rhymes - RV AppStudios,UCYqksDldZTkKmsrBb4OGJ9g,https://i.ytimg.com/vi/p-kAI-qOeJA/default.jpg
How to Write Letters for Children - Teaching Writing ABC for Preschool - Alphabet for Kids,"Hi Kiddos! In this video, we will learn how to write letters from A to Z uppercase and as a bonus you will also learn the different ...",C7oebqj3PCY,67946935,Kiddos World TV,UCRaC_9WVNkT7D4XJrK713Mw,https://i.ytimg.com/vi/C7oebqj3PCY/default.jpg
TuTiTu Compilation | Numbers &amp; Letters | Fun Learning Videos for Children,"The TuTiTu Compilation series features the beloved TuTiTu episodes, grouped into long-form videos by theme. TuTiTu Toys is a ...",AjgD3CvWzS0,37434868,TuTiTuTV,UCeUYwh-WiIoG47ECQvQxKsA,https://i.ytimg.com/vi/AjgD3CvWzS0/default.jpg
Little Babies Fun Play and Learning Fruits Names for Children | Kids Learning Educational 3D Cartoon,Watch Little Babies Fun Play and Learning Fruits Names for Children | Kids Learning Educational 3D Cartoon. #fruitsnames ...,KDtLfsNrViA,5942208,Super Crazy Kids,UC2RNg_QGZriSGQo6enPLpeQ,https://i.ytimg.com/vi/KDtLfsNrViA/default.jpg
Educational stories for kids from Vlad and Niki,"Educational stories for kids from Vlad and Niki. Learn the English Alphabet and numbers from 1 to 10 with Vlad, Niki and Chris.",_l928dd288Q,186144723,Vlad and Niki,UCvlE5gTbOvjiolFlEm-c_Ow,https://i.ytimg.com/vi/_l928dd288Q/default.jpg
Diana and Roma - the best educational stories for children,"Diana and Roma teach colors, names of fruits and vegetables and learn the rules of how you can and how you can not behave.",OMRASCzuqH8,77898582,Diana and Roma EN,UCl_P0sCqxOdQpMwuajdXkRg,https://i.ytimg.com/vi/OMRASCzuqH8/default.jpg
"How to teach Kids  | from a Prague kindergarten, part 1 | English for Children",Say hello to Steve and Maggie at their LIVE SHOW on 30th December!,NIk1-ck4c6Q,35313741,WOW ENGLISH,UCEjCyBoWP57QRkmFRz-aOGw,https://i.ytimg.com/vi/NIk1-ck4c6Q/default.jpg
THINGS TO KNOW - KIDS VIDEOS || THINGS TO LEARN - LEARNING VIDEOS FOR KIDS,"Here, we are presenting ""THINGS TO KNOW - KIDS VIDEOS || THINGS TO LEARN - LEARNING VIDEOS FOR KIDS"" by KIDS ...",mSEYTJZ4N_c,2350371,T-Series Kids Hut,UChz5aEi3dfrDVC8-YJsMUDA,https://i.ytimg.com/vi/mSEYTJZ4N_c/default.jpg
Learning Alphabets | Bob The Train | Kindergarten Learning Videos For Children by KIds Tv,"Welcome to Kids TV, where the warmth of childhood meets the joy of learning through fun nursery rhymes and toddler songs!",pCc33-UOJoM,50568270,Kids TV - Nursery Rhymes And Baby Songs,UC7Pq3Ko42YpkCB_Q4E981jw,https://i.ytimg.com/vi/pCc33-UOJoM/default.jpg
What is the most important influence on child development | Tom Weisner | TEDxUCLA,"If you could do one thing - the most important thing - to influence the life of a young child, what would that be (it's likely not what ...",gIZ8PkLMMUo,1203333,TEDx Talks,UCsT0YIqwnpJCM-mx7-gSA4Q,https://i.ytimg.com/vi/gIZ8PkLMMUo/default.jpg
"Baby Learning Videos | Babies and Toddlers Learn Colors, First Words, Shapes, ABC | Lucas &amp; Friends",Get ready for a mega-dose of early education for kids with Lucas & Friends! ‚úèÔ∏è This time around it's a huge educational ...,50klx9Q5ls8,13837763,Kids Songs and Nursery Rhymes - RV AppStudios,UCYqksDldZTkKmsrBb4OGJ9g,https://i.ytimg.com/vi/50klx9Q5ls8/default.jpg
Kids IQ | General Knowledge Questions| Educational Video for Kids | Part 1,kidsgk #kidsQuiz #kindergartenQuiz #kindergarten #kindergartenIQ #kidsIQ This video contains kindergarten IQ (General ...,xzZLdYd78_8,4275533,kidzpark,UC_bKmFoCQUPeZCY7UbtZ2Dg,https://i.ytimg.com/vi/xzZLdYd78_8/default.jpg
Educational Nursery Rhymes - Baby Songs - Kids Songs from LooLoo Kids,"This compilation is a set of educational toddlers songs with Johny, the star of LooLoo Kids. Best Nursery Rhymes from LooLoo ...",rz-vqMXZuOw,28359873,LooLoo Kids - Nursery Rhymes and Children's Songs,UC4NALVCmcmL5ntpV0thoH6w,https://i.ytimg.com/vi/rz-vqMXZuOw/default.jpg
ABC Alphabet &amp; Numbers for Kids - ChuChu TV Learning Songs for Kids,Have fun listening to ChuChu TV's songs on Spotify: https://chuchu.me/Spotify . To download and watch this video anywhere and ...,UtxaRodBVf8,298760750,ChuChu TV Nursery Rhymes & Kids Songs,UCBnZ16ahKA2DZ_T5W0FPUXg,https://i.ytimg.com/vi/UtxaRodBVf8/default.jpg
"FUN PRESCHOOL LEARNING for KIDS! (Learn ABC&#39;s, Colors, Feelings, Opposites, Phonics &amp; More)","Dive into learning with our ABC Kids Preschool learning videos! Your child will learn the ABC's, phonics, colors, shapes, feelings, ...",BqxlRQFMgEI,5926196,Learning Time Fun,UCrn2os2qS5kbrdLHtVxCBuQ,https://i.ytimg.com/vi/BqxlRQFMgEI/default.jpg
Learn English for Kids ‚Äì Useful Phrases for Beginners,"In this exciting adventure, kids learn English phrases for everyday activities and tasks. Learn to be polite by saying ""you're ...",7HUW_aukApo,31595023,Rock 'N Learn,UCExx109KH5msQR0n52ZzyAw,https://i.ytimg.com/vi/7HUW_aukApo/default.jpg
THE WISE CHILD : Learning Lesson for Kids | Tia &amp; Tofu | English Stories | Bedtime Stories for Kids,"Kids Hut family presents ""THE WISE CHILD : Learning Lesson for Kids | Tia & Tofu | English Stories | Bedtime Stories for Kids "" by ...",AjZBZFuos8Q,760879,T-Series Kids Hut,UChz5aEi3dfrDVC8-YJsMUDA,https://i.ytimg.com/vi/AjZBZFuos8Q/default.jpg
The Best of Toddler Fun Learning | Learning Videos For Toddlers,"This extra long 60 minute video is perfect for learning to count, learning colours, shapes, vehicles, the alphabet and animal names ...",4HUCJliVbsw,22984464,Toddler Fun Learning,UCZzfOkvfLKdKYEWAZ_Vc0zg,https://i.ytimg.com/vi/4HUCJliVbsw/default.jpg
poorna classroom demonstration English,,-X7okpS9Ufc,18818227,Poorna Publications (A TBS Group initiative),UCWUvvqsW2VSWj1wuJC-qMsw,https://i.ytimg.com/vi/-X7okpS9Ufc/default.jpg
üî¥ Family Love Songs [Live 24:7] Life Lesson | Eli Kids Educational Nursery Rhymes,Subscribe to our channel: https://bit.ly/35lMz6o Watch Our Playlist: 1 Best Kids Songs: ...,-m7J240d0Dw,9415937,Eli Kids - Cartoons & Songs,UCVi_GtP-1stDmhPuWCCQ5KA,https://i.ytimg.com/vi/-m7J240d0Dw/default_live.jpg
Numbers Song for Children - 1 to 20 Number Train | 123s |  Nursery Rhymes for Babies | Jugnu Kids,Numbers Song for Children - 1 to 20 Number Train | 123s | Nursery Rhymes for Babies | Jugnu Kids Johny johny yes papa ...,-K0AMR0xJr8,4846655,Jugnu Kids - Nursery Rhymes and Best Baby Songs,UCsCe7SNQckiRJ6y563SIupg,https://i.ytimg.com/vi/-K0AMR0xJr8/default.jpg
Natural Disasters compilation | The Dr. Binocs Show | Best Learning Videos For Kids | Peekaboo Kidz,NATURAL DISASTERS COMPILATION | The Dr. Binocs Show | BEST LEARNING VIDEOS For Kids | Peekaboo Kidz Hi Friends!,HaEmIakO7f4,16944690,Peekaboo Kidz,UCxlJ45KjG4XVcQ_hd8j227A,https://i.ytimg.com/vi/HaEmIakO7f4/default.jpg
Learn Colors &amp; Fruits Names for Children with Little Baby Fun Play Cutting Fruits Toy Train 3D Kids,Learn Colors & Fruits Names for Children with Little Baby Fun Play Cutting Fruits Toy Train 3D Kids Subscribe Here By Following ...,ucHRFkDjUgg,238255015,Super Crazy Kids,UC2RNg_QGZriSGQo6enPLpeQ,https://i.ytimg.com/vi/ucHRFkDjUgg/default.jpg
"Pre School Learning For Kids | Animals, Birds, Animal Sounds, Fruits, Flowers, Vegetables","Pebbles present, Pre School Learning For Kids. This Pre School video covers Live Teacher Video Training for Animals, Birds, ...",kCHeKc2R96o,25492286,Pebbles live,UCPwQ8Yo90_ruIFPF3fLKwWA,https://i.ytimg.com/vi/kCHeKc2R96o/default.jpg
Learn Food For Kids | Blippi And The Chocolate Factory | Educational Videos For Children,Blippi visits the chocolate factory and learns all about how chocolate is made! Join Blippi in this educational compilation for kids ...,COIw9e834Ag,51571768,Blippi Toys,UC-Gm4EN7nNNR3k67J8ywF4g,https://i.ytimg.com/vi/COIw9e834Ag/default.jpg
Learn ABCs with Morphle and Mila | Learning Videos | Cartoons for Kids | Morphle TV,Enjoy This Morphle and friends special compilation featuring some of your favourite My Magic Pet Morphle episodes including 'My ...,Rr0uFzAOQus,10879363,Morphle TV,UC5Ti4_DVp7LW34PjEwB13Xg,https://i.ytimg.com/vi/Rr0uFzAOQus/default.jpg
"Counting, Colors, Numbers - Children&#39;s Songs - Toddler Learning - Preschool Learning","Counting, Colors, Numbers - Children's Songs - Toddler Learning - Preschool Learning Enjoy over an hour of toddler and ...",tPh4FYfMYq8,2522369,Monica J Sutton,UCOTYXAQ0g5cKdr1mFJRPy2g,https://i.ytimg.com/vi/tPh4FYfMYq8/default.jpg
Learn Science |  Preschool Learning Videos | Rob The Robot,Click Here to Subscribe: http://bit.ly/2KgNtFw Click here to watch more Learning Videos For Kids - http://bit.ly/2OOsYoW Rob the ...,ammw6GG2AXw,6323459,Rob The Robot,UC-5E0ZHSkN6hExW4rDCY4vw,https://i.ytimg.com/vi/ammw6GG2AXw/default.jpg
Save Cleany | Safety Education for Kids | Cartoons for Children | Rescue Team | Animation,Subscribe to Robocar POLI TV here! https://bit.ly/396eoBN Save Cleany | Safety Education for Kids | Cartoons for Children ...,AF2z6gsN4G0,7206362,Robocar POLI TV,UCr-rCvgg21KqfrnGopaQeGw,https://i.ytimg.com/vi/AF2z6gsN4G0/default.jpg
Roma and Diana ABC Challenge with Oliver and Other Educational Video for Kids!,Roma and Diana play Alphabet game with Oliver and more educational videos. 00:00 ABC game with Oliver 08:00 Girls vs Boys ...,pH1Vi34BChw,30332331,‚òÖ Kids Roma Show,UCx790OVgpTC1UVBQIqu3gnQ,https://i.ytimg.com/vi/pH1Vi34BChw/default.jpg
What if we had 100 fingers? + more videos | #aumsum #kids #children #education #whatif,"Buy AumSum Merchandise: https://www.aumsum.com What if we had 100 fingers? Firstly, if we had 100 fingers, aliens might ...",yrNAe7A4bRU,6579702,AumSum - What If,UC3Qhl_FNeCtsOC46DVdYDsw,https://i.ytimg.com/vi/yrNAe7A4bRU/default.jpg
Education For All | Cameron Allen | TEDxKids@ElCajon,"Cameron seeks to provide all children around the World with and education. To start we need educators. ""For every kid in the ...",OMbNoo4mCcI,125763,TEDx Talks,UCsT0YIqwnpJCM-mx7-gSA4Q,https://i.ytimg.com/vi/OMbNoo4mCcI/default.jpg
ABC Song | Learn ABC Alphabet for Children | Education ABC Nursery Rhymes,ABC Song | Learn ABC Alphabet for Children | Education ABC Nursery Rhymes ABC Alphabet Song Lyrics: ...,ezmsrB59mj8,378499326,Mega Fun Kids Songs & Nursery Rhymes,UCx96yiXiRJwjDutYUYqk8FQ,https://i.ytimg.com/vi/ezmsrB59mj8/default.jpg
Learn Colors Numbers for Kids with Little Babies Fun Play | Soccer Balls Caterpillar Train 3D Edu,Watch Learn Colors Numbers for Kids with Little Babies Fun Play | Soccer Balls Caterpillar Train 3D Edu. #learncolors ...,lw4PXxW4dP8,1750670,Super Crazy Kids,UC2RNg_QGZriSGQo6enPLpeQ,https://i.ytimg.com/vi/lw4PXxW4dP8/default.jpg
Preschool Learning Videos - Preschool for Littles - Online Virtual Preschool Video - Learn at Home,Preschool for Littles is part of our Preschool Learning Videos series where you can learn at home. It's an online preschool ...,2vYqjQnm3WY,60495780,Ms Rachel - Toddler Learning Videos,UCG2CL6EUjG8TVT1Tpl9nJdg,https://i.ytimg.com/vi/2vYqjQnm3WY/default.jpg
Colors for Children to Learn with Train Transporter Toy Street Vehicles - Educational Videos,Colors for Children to Learn with Train Transporter Toy Street Vehicles - Educational Videos.,PUJEwZGnksg,153688904,Super Kids TV,UC12_HhJo54uqZ5m6xCjoOFA,https://i.ytimg.com/vi/PUJEwZGnksg/default.jpg
Real Education - English Short Stories For Kids - Bedtime Stories For Children,Education is an important aspect in a childs life but do they really know the meaning of what education is? Through this intersting ...,nlkKZG-980Y,471829,PunToon Kids - English,UCJ__lhRyYdf3C1kFMxY6KlA,https://i.ytimg.com/vi/nlkKZG-980Y/default.jpg
Little Babies Fun Play Learning Numbers for Children with Wooden Rings Numbers Toy Set 3D Kids Edu,Little Babies Fun Play Learning Numbers for Children with Wooden Rings Numbers Toy Set 3D Kids Edu. #NumbersforChildren ...,OKVWei2txLo,45503052,Super Crazy Kids,UC2RNg_QGZriSGQo6enPLpeQ,https://i.ytimg.com/vi/OKVWei2txLo/default.jpg
Diana and Roma learn the alphabet and how to count,Diana and Roma learn the Alphabet and Numbers. Educational Videos for Toddlers Subscribe to Kids Diana Show ...,4XGLPTtn4xQ,417209394,‚úø Kids Diana Show,UCk8GzjMOrta8yxDcKfylJYw,https://i.ytimg.com/vi/4XGLPTtn4xQ/default.jpg
Why Technology Can&#39;t Fix Education | Mary Jo Madda | TEDxChicago,Is too much technology in our classrooms detrimental to learning? Lifelong educator Mary Jo Madda cautions that tech tools ...,Lqjh24uq9tM,107908,TEDx Talks,UCsT0YIqwnpJCM-mx7-gSA4Q,https://i.ytimg.com/vi/Lqjh24uq9tM/default.jpg
Everything You Need to Know About Educational Technology,"Hello everyone! In this video we'll be talking about what is educational technology, or EdTech, how you could categorize different ...",okJYsMi2_jk,126478,DavidLeeEdTech,UCPOvRMktU0x4qRTljD6aE4g,https://i.ytimg.com/vi/okJYsMi2_jk/default.jpg
"Technology, The best or worst thing for education | Scott Widman | TEDxYouth@BSPR",This talk is posing the question of how technology is impacting the classroom from a teacher's‚Äã perspective and how there are ...,9IbN1LxXevM,191923,TEDx Talks,UCsT0YIqwnpJCM-mx7-gSA4Q,https://i.ytimg.com/vi/9IbN1LxXevM/default.jpg
Educational Technology: Crash Course Computer Science #39,Today we're going to go a little meta and talk about how computer science can support learning with educational technology.,zTi3_l5h5PQ,196888,CrashCourse,UCX6b17PVsYBQ0ip5gyeme-Q,https://i.ytimg.com/vi/zTi3_l5h5PQ/default.jpg
What is Educational Technology,shortened version of original video for Prezi embed.,gGY2cwWC8Ag,58786,neiltorda,UCTxa50B0rBg-J05bOydbnjA,https://i.ytimg.com/vi/gGY2cwWC8Ag/default.jpg
How to Use Education Technology,"Learn how to use education technology in the classroom. In this video, Sam Kary, a veteran educator, instructional coach, and ...",PN1StZzlmbU,59574,New EdTech Classroom,UCd6vizTYlSgpR6zJ8j5KiyA,https://i.ytimg.com/vi/PN1StZzlmbU/default.jpg
The history of technology in education,A quick look at how advancements in technology have impacted teaching and learning over time.,UFwWWsz_X9s,716307,SMARTEduEMEA,UClCR_sJJAag-tiivxUdOzkA,https://i.ytimg.com/vi/UFwWWsz_X9s/default.jpg
Building Education Technology That Transforms Classrooms,Research shows that positive teacher-student relationships are foundational to learning. That's why CZI's education team ...,PMxrL6lo4Ds,144142,Chan Zuckerberg Initiative,UCZioJ6fb9SuRdLIO7DlE09w,https://i.ytimg.com/vi/PMxrL6lo4Ds/default.jpg
5 Educational Technology Trends in 2024 | Future with eLearning | Digital learning in 2024,5 Educational Technology Trends in 2024 | Future with eLearning | Digital learning in 2024 | Trends in Educational Technology ...,xMajRhCYCnQ,108426,FUTUREYAN,UCyhodlgxgZKbwaP7j8N_ieg,https://i.ytimg.com/vi/xMajRhCYCnQ/default.jpg
Use Of Technology In Education | Dr. Shirin Shafiei Ebrahimi  | TEDxUTM,Advancement of technology bringing the replacement of physical education materials to virtual platform which is accessible via ...,hnk5lbLUsSE,39807,TEDx Talks,UCsT0YIqwnpJCM-mx7-gSA4Q,https://i.ytimg.com/vi/hnk5lbLUsSE/default.jpg
Class Session 8: Teaching with Educational Technology,"MIT 5.95J Teaching College-Level Science and Engineering, Fall 2015 View the complete course: http://ocw.mit.edu/5-95JF15 ...",rqI_0FNAeS0,62580,MIT OpenCourseWare,UCEBb1b_L6zDS3xTUrIALZOw,https://i.ytimg.com/vi/rqI_0FNAeS0/default.jpg
How AI Could Save (Not Destroy) Education | Sal Khan | TED,"Sal Khan, the founder and CEO of Khan Academy, thinks artificial intelligence could spark the greatest positive transformation ...",hJP5GqnTrNo,1273544,TED,UCAuUUnT6oDeKwE6v1NGQxug,https://i.ytimg.com/vi/hJP5GqnTrNo/default.jpg
5 Educational Technology Trends in 2023,"Educational technology is constantly evolving, and it's important for educators to stay up-to-date on the latest developments in ...",ggxNJLCAzAU,3638,RongLive,UC6loS_WzlfTGF0lWnBlqYag,https://i.ytimg.com/vi/ggxNJLCAzAU/default.jpg
What is Educational Technology? | Technology for Teaching and Learning | K-Explain #1,"Hello Everyone. In this video, we'll be talking about the introduction to Educational Technology and Technology in Education.",b4aaX5W0opA,35833,Sir Kenneth Samonte,UCyM6s9yWNCfgFbA_bjEm5Cw,https://i.ytimg.com/vi/b4aaX5W0opA/default.jpg
Introduction to Educational Technology - Leson 1 (PPT),,75ggbt5I3bA,28662,Doc Ed Padama,UCmb5uVwUO1OR7zHJ82szazg,https://i.ytimg.com/vi/75ggbt5I3bA/default.jpg
The Benefits of Technology in Education | Uyen Nguyen Thuc | TEDxYouth@PennSchool,"What are the benefits of technology in education? How does it help us in teaching and learning? Uyen, a 9th grader from ...",XQc6oUH4wNM,5996,TEDx Talks,UCsT0YIqwnpJCM-mx7-gSA4Q,https://i.ytimg.com/vi/XQc6oUH4wNM/default.jpg
Education 4.0  | Jisc | Transforming the future of education (through advanced technology),"Jisc, the UK's digital agency for tertiary education, research, and innovation, operates as a non-profit organisation. We are ...",aVWHp8FsV1w,136961,Jisc,UCssvvOeNfOAhwe4zfYWjbnw,https://i.ytimg.com/vi/aVWHp8FsV1w/default.jpg
Technology in Education: A Future Classroom,Do you agree with this vision for a future classroom? Let me know in the comments! ‚Äî‚Äî‚Äî LATEST PROJECT: ...,uZ73ZsBkcus,660034,Nemroff Pictures,UCcxMO6CVqaSgRq7xd9PtkmQ,https://i.ytimg.com/vi/uZ73ZsBkcus/default.jpg
The perils and promise of EdTech | Achuth Krishnan Sreedevi | TEDxCUSAT,"With a warm smile, Achuth starts his talks on the perils and promise of Ed-Tech. He works in Amplify Education, a company that ...",BCZ0HcPfVPU,4868,TEDx Talks,UCsT0YIqwnpJCM-mx7-gSA4Q,https://i.ytimg.com/vi/BCZ0HcPfVPU/default.jpg
EDUCATIONAL TECHNOLOGY SEPTEMBER 2023 NEW CURRICULUM DRILLS,EDUCATIONAL TECHNOLOGY SEPTEMBER 2023 NEW CURRICULUM DRILLS.,j92iYrGH404,126239,Sir Melvin Buracho Corner,UCRsxP-j5wWuFgKtQEfXqTAg,https://i.ytimg.com/vi/j92iYrGH404/default.jpg
Truth in technology.  #funny #education #technology #tech,,M845xT1Iauw,38599,Gerry Brooks,UC-6WUaQSC_AfKZrinPuhVFw,https://i.ytimg.com/vi/M845xT1Iauw/default.jpg
The Rise and Fall of EdTech,"My comment section was randomly disabled, I have no idea why :( You can post your comments on my latest community post: ...",Q45zMjr-Lo0,12818,Undefined,UC6-JmqeHcRIdA3ErhyUXlfA,https://i.ytimg.com/vi/Q45zMjr-Lo0/default.jpg
How China Is Using Artificial Intelligence in Classrooms | WSJ,A growing number of classrooms in China are equipped with artificial-intelligence cameras and brain-wave trackers. While many ...,JMLsHI8aV0g,3234215,The Wall Street Journal,UCK7tptUDHh-RYDsdxO1-5QQ,https://i.ytimg.com/vi/JMLsHI8aV0g/default.jpg
Technology for Teaching and Learning 1 || Roles of Technology for Teaching and Learning,,AuptsWueseE,64603,UPDATED,UCsEkBPlabthrShu5kaGu5lA,https://i.ytimg.com/vi/AuptsWueseE/default.jpg
Technology in Education,"With no sign of slowing down, are you ready for technology to continue to shape education?",enrTLKqMGgo,28559,Agile Education Marketing,UC1I0RARi4zhQvO9fh0OVtdw,https://i.ytimg.com/vi/enrTLKqMGgo/default.jpg
Using Technology in the Classroom,How should technology be used in the classroom? Find out in our video. This video was created by Chris Ross. This video was ...,ug_LK98NcVk,93182,simpleshow foundation,UCDfdXzYssMFD_lQOrN5WXUg,https://i.ytimg.com/vi/ug_LK98NcVk/default.jpg
Why Is Technology Important In Education?,"Why is technology important in education? In this video, veteran educator Sam Kary presents 10 arguments why teachers should ...",UJQKJ2aoKfk,47100,New EdTech Classroom,UCd6vizTYlSgpR6zJ8j5KiyA,https://i.ytimg.com/vi/UJQKJ2aoKfk/default.jpg
MA Educational Technology - Who do you want to be?,Listen to our currents talk about why the decided to study while also working full-time. The Educational Technology master's ...,Y2FI1BkY6KU,5273,University of Tartu,UCxYY3aSCqLHo3GbE2-CoE_w,https://i.ytimg.com/vi/Y2FI1BkY6KU/default.jpg
The Benefits of Technology in Education: Sangmum Lee at TEDxYouth@BIS,"Sangmun Lee is from South-Korea, where he spent most of his life. When he was young he didn't notice how dangerous ...",G1YqGeVsXTU,34053,TEDxYouth,UC-yTB2bUcin9mmah36sXiYA,https://i.ytimg.com/vi/G1YqGeVsXTU/default.jpg
5 Technologies That Will Change Classroom Education,The potential for new technology in the classroom is really cool ‚Äì and also kind of creepy. Here are five technologies that could ...,loFL5gT_m8I,487687,AJ+,UCV3Nm3T-XAgVhKH9jT0ViRg,https://i.ytimg.com/vi/loFL5gT_m8I/default.jpg
EDUCATIONAL TECHNOLOGY: BASIC CONCEPTS EXPLAINED IN LESS THAN 5 MINUTES,"How much do you know about EDUCATIONAL TECHNOLOGY? Well, watch this video clip.",ST4g_IUurbc,6605,PROFESSOR X,UC0aVlfiyGUD5hHGOnAZ4GbA,https://i.ytimg.com/vi/ST4g_IUurbc/default.jpg
Redefining Learning &amp; Teaching using Technology. | Jason Brown | TEDxNorwichED,"""Did you know that 16% of 8-11 year olds own five or more media devices and 72% of 12-15 year olds own three or more media ...",AOTEQVYDPpg,152041,TEDx Talks,UCsT0YIqwnpJCM-mx7-gSA4Q,https://i.ytimg.com/vi/AOTEQVYDPpg/default.jpg
Educational Technology in the Classroom,A short cartoon video demonstrating how instructional technology impacts the classroom.,K9kdIBlM424,94218,Adam Lindstrom,UClInKDXY5x4muGP8g0Ho2EQ,https://i.ytimg.com/vi/K9kdIBlM424/default.jpg
50 Free Tech Tools for Teachers | 2023 Edition,"Teachers! Are you looking for some amazing free edtech tools? Look no further! In this video, we'll show you 50 free tech tools ...",HBILVAzt9kg,20017,integratED Teacher,UCuQqc4Jt6bEDvC2UZwqOsQg,https://i.ytimg.com/vi/HBILVAzt9kg/default.jpg
Technology of The Future Classroom,"Children learn best when they are interested in a subject or when it's fun. When students think a lesson is fun, the information is ...",K5IT3uuF4Gk,65758,NUITEQ,UCFg0vEQdWf4cBp5cFFAEtyw,https://i.ytimg.com/vi/K5IT3uuF4Gk/default.jpg
why is technology important in education?,why is technology important in education?,kMi13DoDBAM,98764,Stu Lowe,UCuLQ7hbBfmNrp_4oqm-wv1Q,https://i.ytimg.com/vi/kMi13DoDBAM/default.jpg
EDUCATIONAL TECHNOLOGY (LET Reviewer in Professional Education),This video contains LET review questions on Educational Technology as part of Professional Education. DISCLAIMER!,pPKn9eBuZ2g,13111,TOP LET Reviewer,UCUR3x4pa67pSLunwMgd6yAg,https://i.ytimg.com/vi/pPKn9eBuZ2g/default.jpg
LECTURE 1 INTRODUCTION TO EDUCATIONAL TECHNOLOGY,,chIDdJYHjXw,30505,SHAHID SIR'S EDUCATION POINT(SSEP),UCXvTrbD5uhoLTkBwOCDP7tA,https://i.ytimg.com/vi/chIDdJYHjXw/default.jpg
INTEGRATING TECHNOLOGY IN THE CLASSROOM | HOW AND TIPS,This is an educational video in EED-12 (Technology Education in the Elementary) Nueva Ecija University of Science and ...,39C6BdJ0RvE,38000,"BEED 4-A Causon, Kamille A.",UCwpr9T8muVYGTa_oJUNFolg,https://i.ytimg.com/vi/39C6BdJ0RvE/default.jpg
Revolution In Ed Tech Thourgh Generative A.I. | Startup Street | CNBC-TV18,"Ed techs are hoping to score an ""A"" in ""AI"" to stay relevant in the age of GenerativeAI coursera has Chat GPT courses Unacademy ...",2mlH0srpIaM,3388,CNBC-TV18,UCmRbHAgG2k2vDUvb3xsEunQ,https://i.ytimg.com/vi/2mlH0srpIaM/default.jpg
Master of Education in Educational Technology from UTRGV‚Ñ¢ | Accelerated Online Program - Testimonial,"Corporate trainer, classroom teacher, or instructor of any kind? This is how you become an effective educator in our ...",M17nppDT5r0,577979,UTRGV Graduate College,UCHhT4nuPuC4ez9O7aXuM5qQ,https://i.ytimg.com/vi/M17nppDT5r0/default.jpg
What Is Educational Technology,"This video is part of the Udacity course ""Educational Technology"". Watch the full course at https://www.udacity.com/course/ud915.",M9Bvrtknm_4,6419,Udacity,UCBVCi5JbYmfG3q5MEuoWdOw,https://i.ytimg.com/vi/M9Bvrtknm_4/default.jpg
Teachers VS TechnologyüòÖüòÖ #shorts #teacher #school #education #technology,,C4QZGsndTdk,169087,Rebecca Rogers ,UCqseWqrl7r-hNoWme7hIfTw,https://i.ytimg.com/vi/C4QZGsndTdk/default.jpg
Master of Education with Educational Technology Emphasis,The Master of Education with Educational Technology Emphasis has become a popular education degree program for teachers ...,QLxPIrkmcZA,2313,Belhaven University,UCvBUwGXjaLbGaErmRxcxVfA,https://i.ytimg.com/vi/QLxPIrkmcZA/default.jpg
Advantages of Technology in Education,Created using PowToon -- Free sign up at http://www.powtoon.com/youtube/ -- Create animated videos and animated ...,Ii9hQnIBO_k,132694,Mira Mir,UCYNcyiQRZnOjZP9GXClFQmQ,https://i.ytimg.com/vi/Ii9hQnIBO_k/default.jpg
Educational Technology | Education Technology | ‡§∂‡•à‡§ï‡•ç‡§∑‡§ø‡§ï ‡§§‡§ï‡§®‡•Ä‡§ï‡•Ä | ‡§∂‡§ø‡§ï‡•ç‡§∑‡§æ ‡§§‡§ï‡§®‡•Ä‡§ï‡•Ä | D.El.Ed. | B.Ed.,educationaltechnology #educationtechnology #education This channel has been created to help the students of ...,7RKMRYhJeWU,39503,Learn to Know,UCKQD9WP7Feqb8TskvdFrFGw,https://i.ytimg.com/vi/7RKMRYhJeWU/default.jpg
5 things I learned switching from teaching to an EdTech company,Hey y'all! I'm a former third grade teacher and Teachers Pay Teachers seller that took the leap to working in ed-tech and am now ...,z4vQKOXnQ_o,13922,Amber Calderon,UCkBsfniu0_Mx_YfbhatIF_Q,https://i.ytimg.com/vi/z4vQKOXnQ_o/default.jpg
